INSERT INTO image (file_name, content_type, url) VALUES ('vanille_snack.jpg', 'image/jpg', 'http://localhost:8080/images/download/vanille_snack.jpg');
INSERT INTO image (file_name, content_type, url) VALUES ('amandelen_snack.jpg', 'image/jpg', 'http://localhost:8080/images/download/amandelen_snack.jpg');
INSERT INTO image (file_name, content_type, url) VALUES ('citroen_snack.jpg', 'image/jpg', 'http://localhost:8080/images/download/citroen_snack.jpg');
INSERT INTO image (file_name, content_type, url) VALUES ('banaan_snack.jpg', 'image/jpg', 'http://localhost:8080/images/download/banaan_snack.jpg');
INSERT INTO image (file_name, content_type, url) VALUES ('baileys_snack.jpg', 'image/jpg', 'http://localhost:8080/images/download/baileys_snack.jpg');
INSERT INTO image (file_name, content_type, url) VALUES ('cocos_snack.jpg', 'image/jpg', 'http://localhost:8080/images/download/cocos_snack.jpg');
INSERT INTO image (file_name, content_type, url) VALUES ('creme_catalana_snack.jpg', 'image/jpg', 'http://localhost:8080/images/download/creme_catalana_snack.jpg');
INSERT INTO image (file_name, content_type, url) VALUES ('aardbei_snack.jpg', 'image/jpg', 'http://localhost:8080/images/download/aardbei_snack.jpg');

INSERT INTO image (file_name, content_type, url) VALUES ('wittechocola_glutenfree.jpg', 'image/jpg', 'http://localhost:8080/images/download/wittechocola_glutenfree.jpg');
INSERT INTO image (file_name, content_type, url) VALUES ('bosvruchten_glutenfree.jpg', 'image/jpg', 'http://localhost:8080/images/download/bosvruchten_glutenfree.jpg');
INSERT INTO image (file_name, content_type, url) VALUES ('hazelnoot_glutenfree.jpg', 'image/jpg', 'http://localhost:8080/images/download/hazelnoot_glutenfree.jpg');
INSERT INTO image (file_name, content_type, url) VALUES ('limoncello_glutenfree.jpg', 'image/jpg', 'http://localhost:8080/images/download/limoncello_glutenfree.jpg');
INSERT INTO image (file_name, content_type, url) VALUES ('pistache_glutenfree.jpg', 'image/jpg', 'http://localhost:8080/images/download/pistache_glutenfree.jpg');
INSERT INTO image (file_name, content_type, url) VALUES ('ricotta_glutenfree.jpg', 'image/jpg', 'http://localhost:8080/images/download/ricotta_glutenfree.jpg');
INSERT INTO image (file_name, content_type, url) VALUES ('tiramisu_glutenfree.jpg', 'image/jpg', 'http://localhost:8080/images/download/tiramisu_glutenfree.jpg');
INSERT INTO image (file_name, content_type, url) VALUES ('zoutecaramel_glutenfree.jpg', 'image/jpg', 'http://localhost:8080/images/download/zoutecaramel_glutenfree.jpg');

INSERT INTO image (file_name, content_type, url) VALUES ('hazelnoot_vegan.jpg', 'image/jpg', 'http://localhost:8080/images/download/hazelnoot_vegan.jpg');
INSERT INTO image (file_name, content_type, url) VALUES ('limoncello_vegan.jpg', 'image/jpg', 'http://localhost:8080/images/download/limoncello_vegan.jpg');
INSERT INTO image (file_name, content_type, url) VALUES ('pistache_vegan.jpg', 'image/jpg', 'http://localhost:8080/images/download/pistache_vegan.jpg');

INSERT INTO image (file_name, content_type, url) VALUES ('aardbei box (snack).jpg', 'image/jpg', 'http://localhost:8080/images/download/aardbei box (snack).jpg');
INSERT INTO image (file_name, content_type, url) VALUES ('almond box (snack).jpg', 'image/jpg', 'http://localhost:8080/images/download/almond box (snack).jpg');
INSERT INTO image (file_name, content_type, url) VALUES ('banaan box (snack).jpg', 'image/jpg', 'http://localhost:8080/images/download/banaan box (snack).jpg');
INSERT INTO image (file_name, content_type, url) VALUES ('amaretto box (glutenfree).jpg', 'image/jpg', 'http://localhost:8080/images/download/amaretto box (glutenfree).jpg');
INSERT INTO image (file_name, content_type, url) VALUES ('champagne box (glutenfree).jpg', 'image/jpg', 'http://localhost:8080/images/download/champagne box (glutenfree).jpg');
INSERT INTO image (file_name, content_type, url) VALUES ('chocola box (glutenfree).jpg', 'image/jpg', 'http://localhost:8080/images/download/chocola box (glutenfree).jpg');
INSERT INTO image (file_name, content_type, url) VALUES ('coffee box (glutenfree).jpg', 'image/jpg', 'http://localhost:8080/images/download/coffee box (glutenfree).jpg');


INSERT INTO cannolis (cannoli_id, cannoli_name, cannoli_type, cannoli_description, cannoli_ingredients, cannoli_price, image_file_name) VALUES (1001, 'Vanille 35gr', 'Snack', 'Cannoli snack is een cannoli gevuld met zachte creme met een krokant omhulsel',
'Snack VANILLE Creme 52% [suiker, plantaardige vetten (palm, zonnebloem, shea), magere en volle MELK poeder, glucose siroop, emulsifier E322: SOJA lecithine, creme catalana smaak 2%], Wafel (TARWE bloem "00", suiker, zout, wijn, aroma), gedecoreerd met pinda korrels. Geproduceerd in een fabriek,
waar ze soja, melk grondstoffen en noten gebruiken', 0.67, 'vanille_snack.jpg');

INSERT INTO cannolis (cannoli_id, cannoli_name, cannoli_type, cannoli_description, cannoli_ingredients, cannoli_price, image_file_name) VALUES (1002, 'Amandelen 35gr', 'Snack','Cannoli snack is een cannoli gevuld met zachte creme met een krokant omhulsel',
'Snack ALMOND Creme 52% [suiker, plantaardige vetten (palm, zonnebloem, shea), ALMOND pasta 10%, magere en volle MELK poeder, glucose siroop, emulsifier E322: SOJA lecithine; vanille], Wafel: ( TARWE bloem "00", suiker, zout, wijn, aroma). Gedecoreerd met graan gewassen gedekt met melk chocolade,
[melk chocolade (suiker, cocoa boter, volle MELK poeder, cocoa pasta, WEI poeder, emulsifier: SOJA lecithine; natuurlijke vanille aroma), knapperige ontbijtgranen (TARWE meel, suiker, TARWE moutmeel, zetmeel(TARWE), rijstmiddel: E500ii, zout, cacao, boter, natuurlijke vanille aroma, glucose siroop,
suiker, calcium: E414]. Geproduceerd in een fabriek waar ze soja, melk grondstoffen en noten gebruiken', 0.67, 'amandelen_snack.jpg');

INSERT INTO cannolis (cannoli_id, cannoli_name, cannoli_type, cannoli_description, cannoli_ingredients, cannoli_price, image_file_name) VALUES (1003, 'Citroen 35gr', 'Snack', 'Cannoli snack is een cannoli gevuld met zachte creme met een krokant omhulsel',
'Snack LEMON Creme 52% [suiker, plantaardige vetten (palm, zonnebloem, shea), magere en volle MELK poeder, glucose siroop, emulsifier E322: SOJA lecithine, natuurlijke citroen aroma 2%, vanille), Wafel: (TARWE bloem "00", suiker, zout, wijn, aroma), gedecoreerd met cannoli poeder (EIREN, suiker,
TARWE bloem, TARWE zetmeel, E471: mono- en diglyceriden van vetzuren; natuurlijke lemon aroma). Geproduceerd in een fabriek waar ze soja, melk grondstoffen en noten gebruiken', 0.67, 'citroen_snack.jpg');

INSERT INTO cannolis (cannoli_id, cannoli_name, cannoli_type, cannoli_description, cannoli_ingredients, cannoli_price, image_file_name) VALUES (1004, 'Banaan 35gr', 'Snack', 'Cannoli snack is een cannoli gevuld met zachte creme met een krokant omhulsel',
'Snack BANAAN Creme 52%, [suiker, plantaardige vetten (palm, zonnebloem, shea), magere en volle MELK poeder, glucose siroop, emulsifier E322: SOJA lecithine; banaan aroma 2%, vanille], Wafel: (TARWE bloem "00", suiker, zout, wijn, aroma). Geproduceerd in een fabriek waar ze soja, melk grondstoffen
en noten gebruiken',  0.67,'banaan_snack.jpg');

INSERT INTO cannolis (cannoli_id, cannoli_name, cannoli_type, cannoli_description, cannoli_ingredients, cannoli_price, image_file_name) VALUES (1005, 'Baileys 35gr', 'Snack', 'Cannoli snack is een cannoli gevuld met zachte creme met een krokant omhulsel',
'Snack Irisch Creme 52%, [suiker, plantaardige vetten (palm, zonnebloem, shea), magere en volle MELK poeder, glucose siroop, emulsifier E322: SOJA lecithine; irisch creme 2% (whiskey, MELK creme, bietsuiker, vanille, caramel], Wafel (TARWE bloem "00", suiker, zout, wijn, aroma).
gedecoreerd met witte chocolade vlokken [plantaardige vetten (palm), magere cacao poeder 16%, emulsifier: zonnebloem lecithine; glucose siroop, vanille aroma)]. Geproduceerd in een fabriek waar ze soja, melk grondstoffen en noten gebruiken', 0.67, 'baileys_snack.jpg');

INSERT INTO cannolis (cannoli_id, cannoli_name, cannoli_type, cannoli_description, cannoli_ingredients, cannoli_price, image_file_name) VALUES (1006, 'Cocos 35gr', 'Snack', 'Cannoli snack is een cannoli gevuld met zachte creme met een krokant omhulsel',
'Snack COCOSNOOT Creme 52% [suiker, plantaardige vetten (palm, zonnebloem, shea), magere en volle MELK poeder, glucose siroop, emulsifier E322: SOJA lecithine, cocosnoot aroma 2%,vanille], Wafel: (TARWE bloem "00", suiker, zout, wijn, aroma), gedecoreerd met coconuts vlokken. Geproduceerd in een fabriek,
waar ze soja, melk grondstoffen en noten gebruiken', 0.67, 'cocos_snack.jpg');

INSERT INTO cannolis (cannoli_id, cannoli_name, cannoli_type, cannoli_description, cannoli_ingredients, cannoli_price, image_file_name) VALUES (1007, 'Creme Catalana 35gr', 'Snack', 'Cannoli snack is een cannoli gevuld met zachte creme met een krokant omhulsel',
'Snack CATALANA Creme 52% [suiker, plantaardige vetten (palm, zonnebloem, shea), magere en volle MELK poeder, glucose siroop, emulsifier E322: SOJA lecithine, creme catalana smaak 2%], Wafel (TARWE bloem "00", suiker, zout, wijn, aroma), gedecoreerd met pinda korrels. Geproduceerd in een fabriek,
waar ze soja, melk grondstoffen en noten gebruiken', 0.67, 'creme_catalana_snack.jpg');

INSERT INTO cannolis (cannoli_id, cannoli_name, cannoli_type, cannoli_description, cannoli_ingredients, cannoli_price, image_file_name) VALUES (1008, 'Aardbei 35gr', 'Snack', 'Cannoli snack is een cannoli gevuld met zachte creme met een krokant omhulsel versierd met roze suiker spikkels',
'Snack AARDBEI Creme 52% [suiker, plantaardige vetten (palm, zonnebloem, shea), magere en volle MELK poeder, glucose siroop, emulsifier E322: SOJA lecithine; aardbeiensmaak 2%, vanille], Wafel: ( TARWE bloem "00", suiker, wijn, aroma). Gedecoreerd met roze suiker sprinkels,
[suiker, plantaardige vetten (palm), glucose siroop, emulsifier: SOJA lecithine; kleurstof: E120; calcium]. Geproduceerd in een fabriek waar ze soja, melk grondstoffen en noten gebruiken', 0.67,'aardbei_snack.jpg');

INSERT INTO cannolis (cannoli_id, cannoli_name, cannoli_type, cannoli_description, cannoli_ingredients, cannoli_price, image_file_name) VALUES (1009, 'Witte chocola 35gr', 'Glutenfree', 'Cannoli glutenfree is een cannoli gevuld met zachte creme met een krokant omhulsel',
'Almond WITTE CHOCOLA Creme 52% [suiker, plantaardige vetten (palm, zonnebloem, shea), magere en volle MELK poeder, glucose siroop, lemon aroma (<1%), kleurstof: geel, emulsifier E322: SOJA lecithine, vanille], Wafel: [glucose siroop, suiker, ALMONDS (32%), plantaardige vetten (palm), dextrose, volle MELK poeder, emulsifier:
SOJA lecithine], chocolade coating [suiker, gehydrogeneerde plantaardige vetten (palm), cacao poeder, emulsifiers: SOJA lecithine - E492, aroma], gedecoreerd met gele suiker stukjes [suiker, plantaardige vetten (palm), glucose siroop, emulsifier (SOJA lecithine), kleurstof: E100: calcium]. Geproduceerd in een fabriek
waar ze soja, melk grondstoffen en noten gebruiken', 0.67, 'wittechocola_glutenfree.jpg');

INSERT INTO cannolis (cannoli_id, cannoli_name, cannoli_type, cannoli_description, cannoli_ingredients, cannoli_price, image_file_name) VALUES (1010, 'Bosvruchten 35gr', 'Glutenfree', 'Cannoli glutenfree is een cannoli gevuld met zachte creme met een krokant omhulsel',
'Almond BOSVRUCHTEN Creme 52% [suiker, plantaardige vetten (palm, zonnebloem, shea), magere en volle MELK poeder, glucose siroop, bosvruchten aroma 2%, emulsifier E322: SOJA lecithine, vanille], Wafel: [glucose siroop, suiker, ALMONDS (32%), plantaardige vetten (palm), dextrose, volle MELK poeder, emulsifier: SOJA lecithine],
chocolade coating [suiker, gehydrogeneerde plantaardige vetten (palm), cacao poeder, emulsifiers: SOJA lecithine, E492: aroma]. Gedecoreerd met roze suiker stukjes [suiker, plantaardige vetten (palm), glucose siroop, emulsifier: SOJA lecithine; kleurstof: E120; magnesium]. Kan sporen bevatten van noten (HAZELNOOT, PISTACHE),
PINDA, SESAMZAAD ', 0.67, 'bosvruchten_glutenfree.jpg');

INSERT INTO cannolis (cannoli_id, cannoli_name, cannoli_type, cannoli_description, cannoli_ingredients, cannoli_price, image_file_name) VALUES (1011, 'Nocciola 35gr', 'Glutenfree', 'Cannoli glutenfree is een cannoli gevuld met zachte creme met een krokant almond omhulsel',
'Almond HAZELNOOT Creme 52% [suiker, plantaardige vetten (palm, zonnebloem, shea), HAZELNOOT pasta 10% (HAZELNOOT, zonnebloem olie, emulsifier; zonnebloem lecithin; zout), magere en volle MELK poeder, glucose siroop, emulsifier E322: SOJA lecithine; vanille], Wafel: [glucose siroop, suiker, ALMONDS (32%),
plantaardige vetten (palm), dextrose, volle MELK poeder, emulsifier: SOJA lecithine], chocoladelaag [suiker, gehydrogeneerde plantaardige vetten (palm), cacao poeder, emulsifiers: SOJA lecithine, E492; aroma], gedecoreerd met HAZELNOOT korrels. Kan sporen bevatten van noten (HAZELNOOT, PISTACHE), PINDA, SESAMZAAD,
', 0.67, 'hazelnoot_glutenfree.jpg');

INSERT INTO cannolis (cannoli_id, cannoli_name, cannoli_type, cannoli_description, cannoli_ingredients, cannoli_price, image_file_name) VALUES (1012, 'Limoncello 35gr', 'Glutenfree', 'Cannoli glutenfree is een cannoli gevuld met zachte creme met een krokant omhulsel',
'Almond LEMON Creme 52% [suiker, plantaardige vetten (palm, zonnebloem, shea), magere en volle MELK poeder, glucose siroop, emulsifier E322: SOJA lecithine, vanille], Wafel: [glucose siroop, suiker, ALMONDS (32%), plantaardige vettten (palm), dextrose, volle MELK poeder, emulsifier: SOJA lecithine], witte chocolade coating
(suiker, gehydrogeneerde plantaardige vetten (cocosnoot, natuurlijke vetten), magere MELK poeder, WEI poeder, emulsifier: SOJA lecithine, natuurlijke vanille aroma). Gedecoreerd met witte chocolade vlokken [suiker, plantaardige vetten (palm), magere MELK poeder, LACTOSE, emulsifier: zonnebloem lecithine; glucose siroop, coating E904, vanille].
Kan sporen bevatten van noten (HAZELNOOT, PISTACHE), PINDA, SESAMZAAD', 0.67, 'limoncello_glutenfree.jpg');

INSERT INTO cannolis (cannoli_id, cannoli_name, cannoli_type, cannoli_description, cannoli_ingredients, cannoli_price, image_file_name) VALUES (1013, 'Pistache 35gr', 'Glutenfree', 'Cannoli glutenfree is een cannoli gevuld met zachte creme met een krokant omhulsel',
'Almond PISTACHE Creme 52% [suiker, plantaardige vetten (palm, zonnebloem, shea), PISTACHE pasta 10% (PISTACHE, zonnebloem olie, ALMOND, emulsifier: zonnebloem lecithine, zout, E141i: chlorofyl), magere en volle MELK poeder, glucose siroop, zout, emulsifier E322: SOJA lecithine,
vanille, natuurlijke PISTACHE aroma], Wafel: [glucose siroop, suiker, ALMONDS (32%), plantaardige vet (palm), druivensuiker, volle MELK poeder, emulsifier: SOJA lecithine] chocolade coating [suiker, gehydrogeneerde plantaardig vet (palm), cacao poeder, emulsifiers: SOJA lecithine; E492, aroma],
gedecoreerd met PISTACHE poeder. Kan sporen bevatten van noten (HAZELNOOT), PINDA, SESAMZAAD', 0.67, 'pistache_glutenfree.jpg');

INSERT INTO cannolis (cannoli_id, cannoli_name, cannoli_type, cannoli_description, cannoli_ingredients, cannoli_price, image_file_name) VALUES (1014, 'Ricotta 35gr', 'Glutenfree', 'Cannoli glutenfree is een cannoli gevuld met zachte creme met een krokant omhulsel',
'Almond RICOTTA Creme 52% [suiker, plantaardige vetten (palm, zonnebloem, shea), magere en volle MELK poeder, voorbereiding in poeder voor RICOTTA 5% (CREME, MELK eiwitten, dextrose, mout dextrines, natuurlijke aroma, LACTOSE, MELK eiwitten, tafelzout, citroenzuur), glucose siroop, emulsifier E322: SOJA lecithine, vanille],
Wafel: [glucose siroop, suiker, ALMONDS (32%), natuurlijke vetten (palm), dextrose, volle MELK poeder, emulsifier: SOJA lecithine], chocolade coating [suiker, gehydrogeneerde plantaardige vetten (palm), cacao poeder, emulsifiers: SOJA lecihtine, E492; aroma]. Gedecoreerd met PISTACHE korrel. Kan sporen bevatten van noten
(HAZELNOOT, PISTACHE), PINDA, SESAMZAAD', 0.67, 'ricotta_glutenfree.jpg');

INSERT INTO cannolis (cannoli_id, cannoli_name, cannoli_type, cannoli_description, cannoli_ingredients, cannoli_price, image_file_name) VALUES (1015, 'Tiramisu 35gr', 'Glutenfree', 'Cannoli glutenfree is een cannoli gevuld met zachte creme met een krokant omhulsel',
'Almond TIRAMISU Creme 52% [suiker, plantaardige vetten (palm, zonnebloem, shea), magere en volle MELK poeder, glucose siroop, emulsifier E322: SOJA lecithine, tiramisu aroma, vanille], Wafel: [glucose siroop, suiker, ALMONDS (32%), plantaardige vetten (palm), dextrose, volle MELK poeder, emulsifier: SOJA lecithine], chocolade coating
[suiker, gehydrogeneerde plantaardige vetten (palm), cacao poeder, emulsifiers: SOJA lecithine - E492, aroma], gedecoreerd met chocolade hagelslag [suiker, magere cacao poeder (5.5%), plantaardige olie (palm), glucose siroop, emulsifier: SOJA lecithine]. Kan sporen bevatten van noten (HAZELNOOT, PISTACHE), PINDA, SESAMZAAD',
0.67, 'tiramisu_glutenfree.jpg');

INSERT INTO cannolis (cannoli_id, cannoli_name, cannoli_type, cannoli_description, cannoli_ingredients, cannoli_price, image_file_name) VALUES (1016, 'Zoute Caramel 35gr', 'Glutenfree', 'Cannoli glutenfree is een cannoli gevuld met zachte creme met een krokant omhulsel',
'Almond ZOUTE CARAMEL Creme 52% [suiker, plantaardige vetten (palm, zonnebloem, shea, koolzaad), zoute caramel pasta 8% (suiker, glucose siroop, water, kleurstof: E150a), magere en volle MELK poeder, WEI poeder, zout (2%), magere cacao poeder, emulsifier E322: SOJA lecithine, vanille],
Wafel: [glucose siroop, suiker, ALMONDS (32%), plantaardige vet (palm), druivensuiker, volle MELK poeder, emulsifier: SOJA lecithine], chocolade coating (suiker, gehydrogeneerde plantaardig vet (palm), cacao poeder, emulsifiers: SOJA lecithine E492 aroma), Gedecoreerd met PINDAS korrels.
Kan sporen bevatten van noten (HAZELNOOT, PISTACHE), PINDA, SESAMZAAD', 0.67, 'zoutecaramel_glutenfree.jpg');


INSERT INTO cannolis (cannoli_id, cannoli_name, cannoli_type, cannoli_description, cannoli_ingredients, cannoli_price, image_file_name) VALUES (1017, 'Aardbei/hazelnoot 35gr', 'Vegan', 'Cannoli vegan is een cannoli gevuld met zachte creme met een krokant omhulsel',
'Vegan HAZELNOOT Creme 52% [suiker, plantaardige olie (handpalm, zonnebloem), HAZELNOOT (10%), magere cacao poeder, maiszetmeel, emulsifier: E422], Wafel: (TARWE bloem "00", water, suiker, zeezout, natuurlijke aroma, kleurstoffen: E124), gedecoreerd met chocolade sprinkels [suiker,
magere cacaopoeder (5,5%), plantaardige olie (handpalm), glucose siroop, emulsifier: SOJA lecithine]. Geproduceerd in een fabriek waar ze soja, melk grondstoffen en noten gebruiken', 0.67, 'hazelnoot_vegan.jpg');

INSERT INTO cannolis (cannoli_id, cannoli_name, cannoli_type, cannoli_description, cannoli_ingredients, cannoli_price, image_file_name) VALUES (1018, 'Limoncello 35gr', 'Vegan', 'Cannoli vegan is een cannoli gevuld met zachte creme met een krokant omhulsel',
'Vegan LEMON Cream 52% [suiker, haver poeder, zonnebloem olie, cacao boter, zonnebloem lecithine, lemon aroma 2%, zeezout], Wafel:(TARWE meel "00", water, suiker, zout, natuurlijke lemon aroma, kleurstof E102, E514), gedecoreerd met gele suiker sprinkels [suiker, plantaardige vet (palm),
glucose siroop, emulsifier (SOJA lecithine), kleurstof: E100; calcium]. Geproduceerd in een fabriek waar ze soja, melk grondstoffen en noten gebruiken', 0.67, 'limoncello_vegan.jpg');

INSERT INTO cannolis (cannoli_id, cannoli_name, cannoli_type, cannoli_description, cannoli_ingredients, cannoli_price, image_file_name) VALUES (1019, 'Pistache 35gr', 'Vegan', 'Cannoli vegan is een cannoli gevuld met zachte creme met een krokant omhulsel',
'Vegan PISTACHE Creme 52% [suiker, haver, zonnebloemzaad olie, cacoa boter, PISTACHE pasta 10% (PISTACHE, zonnebloem olie, ALMOND, emulsifier: zonnebloem lecithine, zout, E141: chlorofyl), zonnebloem lecithine, zeezout], Wafel: (TARWE bloem "00", water, suiker, zout, PISTACHE, natuurlijke aroma,
kleurstoffen: E102, E131), gedecoreerd met groene suiker sprinkels [suiker, plantaardige vetten (palm), glucose siroop, emulsifier (SOJA lecithine), kleurstof: E100, E131; calcium]. Geproduceerd in een fabriek waar ze soja, melk grondstoffen en noten gebruiken', 0.67, 'pistache_vegan.jpg');


INSERT INTO person (person_firstname, person_lastname, person_street_name, person_house_number, person_house_number_add, person_zipcode, person_city) VALUES ('Admin', 'gegevens', 'Tellerweg', '2', 'A', '1032AA', 'Amsterdam');
INSERT INTO person (person_firstname, person_lastname, person_street_name, person_house_number, person_house_number_add, person_zipcode, person_city) VALUES ('Angel', 'Tromper', 'Leidsestraat', '8', 'B','1032AB', 'Amsterdam');

INSERT INTO users (username, id, password, email, enabled, person_id) VALUES ('admin', 1, '$2a$12$dLAzrrpUAvQJ2gqJfL/0yeDvuI2OKeSh0iAJ8FQZYE6NIs1EVOK6i', 'info@admin.nl', TRUE, 1);
INSERT INTO users (username, id, password, email, enabled, person_id) VALUES ('angel', 2, '$2a$12$dLAzrrpUAvQJ2gqJfL/0yeDvuI2OKeSh0iAJ8FQZYE6NIs1EVOK6i', 'info@angel.nl', TRUE, 2);

INSERT INTO authorities (username, authority) VALUES ('admin', 'ROLE_ADMIN');
INSERT INTO authorities (username, authority) VALUES ('angel', 'ROLE_USER');